,actual_values,predicted_values
0,665000,684297.6
1,735000,1302679.0
2,281000,230976.31
3,269000,434183.53
4,680000,614665.3
5,315000,362757.16
6,500000,643289.2
7,240000,203088.1
8,545000,548732.4
9,199990,170648.4
10,765000,813159.56
11,384950,374240.1
12,192500,227216.2
13,875000,867137.6
14,299000,287299.4
15,330000,388053.03
16,1950000,1358115.0
17,422500,368172.44
18,239000,180054.56
19,252000,233399.36
20,598000,740151.1
21,510000,436058.16
22,257500,277995.2
23,825000,928008.56
24,548000,528174.4
25,940000,991757.2
26,450000,571394.44
27,1320000,1257422.8
28,344000,303074.0
29,350000,422978.9
30,110700,168891.88
31,460000,446839.7
32,262500,425636.2
33,405000,397580.16
34,731000,739377.06
35,365000,460055.53
36,485000,420792.16
37,834538,808423.2
38,762400,790868.44
39,405000,618139.4
40,355000,370807.28
41,260000,260001.8
42,950000,667233.7
43,441500,468681.7
44,735000,451517.97
45,220000,196132.28
46,240000,270667.84
47,429000,543700.0
48,442500,448978.5
49,255000,243191.69
50,257500,220762.28
51,397000,371319.5
52,563000,657643.6
53,1270000,1088227.8
54,284700,267079.47
55,393000,323697.0
56,323500,385753.28
57,295000,277999.1
58,488250,484790.94
59,436000,397750.1
60,520000,466063.16
61,346500,366478.03
62,305000,294322.34
63,847093,813870.44
64,124000,172795.0
65,376000,411693.25
66,1180000,1013078.6
67,352000,295345.66
68,1060000,1644558.0
69,408000,428573.84
70,239000,260301.42
71,808250,733182.75
72,425000,330744.84
73,329900,342996.28
74,169950,152185.38
75,345000,335498.84
76,825000,893935.1
77,449000,409402.25
78,199900,206414.25
79,504750,527938.7
80,394000,297640.72
81,970000,1051102.5
82,550000,511226.72
83,320000,361881.53
84,3200000,3987517.0
85,269000,222197.9
86,328000,369298.78
87,277500,235464.39
88,550000,485757.53
89,272000,375254.12
90,730000,806755.6
91,460000,569478.6
92,241000,266019.0
93,1370000,1191421.2
94,235000,181726.88
95,808000,805303.44
96,847700,860375.7
97,689000,547635.9
98,327000,330963.22
99,300000,279059.16
100,800000,1038063.1
101,1440000,1061472.1
102,415000,593812.6
103,542500,725242.25
104,445000,521096.56
105,215000,187949.03
106,1260000,996456.25
107,485000,477574.72
108,234000,210165.61
109,618000,770628.6
110,994000,1017584.25
111,1750000,1634759.2
112,240000,257124.53
113,808000,784407.1
114,825000,1249991.1
115,458000,505113.78
116,278000,265635.66
117,675000,488274.22
118,780000,734357.9
119,402300,444210.6
120,460000,395791.56
121,858450,846270.8
122,480500,497894.94
123,749950,688561.4
124,482000,433105.97
125,582000,591235.2
126,345000,474569.22
127,495000,488301.28
128,725000,806363.94
129,568000,549454.56
130,364500,432486.47
131,1100000,1063235.2
132,526000,549442.7
133,850000,1433905.2
134,320000,392080.6
135,373000,416701.72
136,679000,548484.7
137,395000,450279.97
138,349000,395537.34
139,302500,295707.25
140,350000,367271.16
141,804995,862291.5
142,340000,319642.97
143,670000,573130.6
144,402000,402444.22
145,718500,674608.9
146,453000,436910.88
147,765000,684255.8
148,370000,464927.78
149,475000,508371.4
150,250000,216067.27
151,765000,621306.9
152,308000,415482.03
153,512500,549522.8
154,650000,748784.1
155,620000,510042.84
156,540000,515904.34
157,260000,382814.1
158,1030000,821057.75
159,538000,624537.4
160,888550,813247.9
161,699950,531534.9
162,400000,400406.47
163,585000,650364.5
164,250000,283733.94
165,199400,280392.97
166,708000,681334.1
167,432500,697262.4
168,440000,390745.16
169,350000,286723.8
170,365000,330239.16
171,291500,305185.03
172,1680000,1879637.2
173,120000,178090.48
174,570000,476759.9
175,552000,586759.75
176,368000,333909.1
177,300000,351526.1
178,595000,584856.3
179,910000,664565.94
180,255000,202837.69
181,385000,420639.62
182,596000,686923.56
183,585000,521429.9
184,627000,555319.1
185,450000,496734.62
186,152000,150494.38
187,650000,757783.94
188,261500,286496.47
189,535000,515624.53
190,619790,581798.06
191,717000,465136.9
192,345000,365656.4
193,440000,417318.9
194,426700,466503.62
195,1930000,2502619.5
196,235000,286716.53
197,370000,493649.03
198,475000,413093.1
199,619420,664532.6
200,531000,678420.4
201,2540000,1961403.6
202,859990,884737.06
203,1300000,895203.75
204,665000,661346.9
205,780000,843322.6
206,207000,206259.42
207,455000,372870.9
208,725000,762212.1
209,800000,703098.9
210,655000,838692.6
211,295000,314689.97
212,378800,432149.84
213,295000,374481.66
214,608250,532746.4
215,569000,563744.44
216,550000,653870.3
217,602000,535290.25
218,234950,220949.25
219,550000,550973.9
220,825000,733755.44
221,540000,512355.16
222,680000,607592.7
223,246500,225246.4
224,335000,453846.8
225,480000,526466.56
226,192500,214116.16
227,324950,280487.47
228,740000,665768.3
229,920000,909473.6
230,661000,478090.62
231,535000,540056.3
232,215500,225069.9
233,790500,790799.9
234,279000,295635.38
235,550000,602358.4
236,385000,356448.72
237,475000,421784.22
238,319950,434937.34
239,530000,711140.4
240,619950,447902.12
241,275000,217931.03
242,283000,342647.25
243,322000,323760.88
244,615000,641554.6
245,699000,738690.0
246,1780000,1565629.0
247,550000,595974.4
248,370000,438385.1
249,410000,351003.28
250,315000,331267.03
251,251000,278877.6
252,690000,479007.97
253,650000,513474.94
254,739500,666952.5
255,490000,541008.75
256,435000,425647.2
257,515000,514754.1
258,465000,408110.2
259,625000,619039.56
260,433500,507840.66
261,277500,256601.78
262,125000,154802.08
263,475000,479499.7
264,379880,370923.47
265,687000,776719.8
266,627000,636982.7
267,518000,617678.2
268,835000,1257455.0
269,680000,768850.25
270,575000,411951.25
271,324000,328620.62
272,550000,569456.6
273,342000,285960.1
274,580000,632043.06
275,450000,416453.12
276,405000,360381.9
277,110000,405227.88
278,499500,411077.97
279,715000,627757.6
280,450000,397553.47
281,645000,628925.1
282,200000,297621.56
283,436000,511141.72
284,414500,407697.34
285,895000,735591.56
286,697000,762251.7
287,415000,411333.66
288,550000,498792.66
289,272000,304768.47
290,370000,397155.4
291,600000,658125.5
292,1970000,1262066.6
293,600000,762760.56
294,560000,617635.94
295,380000,353822.28
296,975000,870797.4
297,467000,550852.2
298,290000,284424.53
299,500000,452792.3
300,735000,723136.5
301,305000,401342.22
302,720000,652418.4
303,353000,334911.9
304,450000,468581.84
305,530000,459614.03
306,775000,971220.3
307,428000,332158.0
308,550000,474130.53
309,554000,454312.5
310,735000,657827.25
311,209900,236672.1
312,440000,471764.12
313,614000,725087.9
314,1500000,1983448.9
315,339950,352310.1
316,352800,416992.34
317,671000,596758.0
318,189000,184453.98
319,750000,850688.4
320,465000,793587.94
321,397000,435469.9
322,345000,255858.12
323,300000,345408.62
324,330000,429586.1
325,199000,209059.64
326,614950,672833.4
327,325000,332156.47
328,649000,582268.75
329,525300,511329.1
330,497000,420912.2
331,525000,515741.34
332,980000,1106972.8
333,230000,207475.58
334,1230000,1398716.2
335,412000,581509.2
336,630000,613865.8
337,324500,330203.1
338,570000,552663.3
339,420000,363318.72
340,280000,291684.12
341,556000,596849.75
342,230000,235029.53
343,367000,500747.47
344,280000,285765.66
345,410000,429663.22
346,335000,371413.97
347,275000,314344.3
348,805000,806659.8
349,491234,419758.97
350,595000,605212.4
351,565000,587453.75
352,310000,306091.88
353,174950,205172.81
354,496600,536207.1
355,970000,943955.06
356,476000,514574.6
357,379950,360402.9
358,2570000,2912915.8
359,460000,475979.9
360,350000,329889.72
361,430000,370092.97
362,440000,389052.72
363,240000,263298.03
364,264950,249646.53
365,310000,271641.22
366,399950,377028.4
367,870515,784226.5
368,539000,645539.5
369,510000,561416.75
370,215000,205444.23
371,400000,404200.72
372,398000,337589.47
373,305000,316501.22
374,729000,562039.3
375,779000,834788.1
376,713250,885201.1
377,318888,334209.9
378,815000,812578.6
379,889000,846091.6
380,216000,258157.6
381,545000,588309.7
382,561000,470398.88
383,550000,540683.9
384,441000,569829.5
385,979700,1400076.0
386,552000,477797.06
387,730000,680721.06
388,325000,296511.8
389,385000,512991.66
390,654000,580674.4
391,390000,412369.4
392,870000,717429.9
393,610000,624250.25
394,636230,638613.6
395,435000,253892.97
396,201500,200167.1
397,585000,446796.66
398,350000,392916.16
399,420850,266014.97
400,326000,401514.0
401,192000,262512.34
402,477000,491821.8
403,289000,279390.3
404,410000,413404.22
405,572500,501565.94
406,859900,827805.06
407,285000,320802.78
408,910000,1133148.0
409,549995,410469.22
410,575000,569172.2
411,307500,279912.53
412,500000,660551.6
413,852500,835358.6
414,640000,665521.94
415,360000,362073.72
416,280000,260088.56
417,234000,203553.75
418,345100,418956.28
419,328000,392062.03
420,581000,505538.47
421,134000,230514.31
422,201000,218299.16
423,3300000,4278207.0
424,370000,318445.34
425,370000,415856.25
426,295000,393953.84
427,235000,197762.64
428,505000,426326.97
429,815000,853678.7
430,345000,301677.66
431,360000,304359.06
432,555000,608798.5
433,353750,263894.84
434,285000,248883.45
435,467000,445904.84
436,370000,492195.1
437,353900,341870.62
438,238000,181047.66
439,700000,547963.06
440,320000,339899.16
441,399888,419166.97
442,774900,535512.44
443,520000,515329.1
444,215000,259764.03
445,580000,713641.4
446,292600,322440.47
447,371000,393123.03
448,270000,247086.52
449,470950,515622.0
450,270000,277305.84
451,522250,487557.75
452,530000,550946.25
453,355000,274664.1
454,550000,762536.0
455,700000,536429.6
456,310000,308061.72
457,310000,368156.28
458,387500,463632.7
459,335000,232307.88
460,402000,387969.47
461,917000,1080102.6
462,500000,447595.22
463,518000,510422.84
464,395000,391369.53
465,744000,655639.9
466,879000,1097484.2
467,515000,518611.06
468,381000,364345.66
469,474000,472550.97
470,925000,791883.44
471,720000,477328.3
472,524400,562435.44
473,400000,392570.97
474,158000,173052.72
475,540000,526271.4
476,360000,484474.97
477,520000,495384.28
478,205000,177404.44
479,1370000,1556593.5
480,517950,575071.1
481,300000,387746.72
482,630500,547189.4
483,640000,852942.1
484,265000,295315.97
485,599000,525389.9
486,330000,340578.94
487,978000,1210620.2
488,290000,368605.1
489,431000,380716.28
490,470000,703661.9
491,650000,661063.5
492,253779,235560.34
493,315000,576520.3
494,215000,281840.25
495,842000,589624.25
496,355000,381122.34
497,315000,280457.84
498,325000,260049.02
499,250000,273312.16
500,1500000,1849377.0
501,600000,596445.9
502,364900,378244.2
503,206325,288351.03
504,261000,211753.36
505,1490000,1389475.0
506,864500,803011.25
507,279000,278535.16
508,260000,230097.84
509,285000,249992.58
510,335000,380902.1
511,725000,718432.0
512,465000,382216.34
513,599000,469341.1
514,325000,288374.0
515,575000,582991.94
516,454000,396529.4
517,465000,511740.53
518,445000,446427.0
519,768000,858444.5
520,1110000,918317.44
521,310000,332208.72
522,556000,532984.5
523,695500,800069.4
524,470000,782802.5
525,810000,1016560.0
526,469000,595464.5
527,443500,418356.22
528,500000,571371.06
529,360000,345426.97
530,190000,160380.9
531,196500,179284.88
532,760000,856393.0
533,309950,247008.92
534,733000,685424.25
535,215000,199089.81
536,130000,187147.92
537,1020000,893883.44
538,523000,427065.1
539,415000,572096.7
540,785000,561027.8
541,1030000,954412.1
542,650000,658396.3
543,346000,223181.83
544,440000,375282.72
545,452000,422530.66
546,545000,652282.6
547,559900,727739.5
548,1680000,1787901.8
549,366000,436110.9
550,445434,425706.22
551,315000,354998.8
552,275000,282873.0
553,345000,235260.55
554,375000,555757.4
555,622000,531214.7
556,720000,658222.5
557,435000,374477.2
558,745000,587198.0
559,398000,470253.53
560,212000,144282.28
561,475000,449512.5
562,464600,391766.84
563,241000,217617.02
564,950000,686148.9
565,485000,469530.44
566,410000,456114.2
567,765000,649165.1
568,340000,361135.03
569,1380000,997061.5
570,585000,642688.4
571,235000,275577.47
572,825000,788423.5
573,700000,756269.4
574,550000,571085.5
575,2300000,2514659.5
576,1380000,867998.4
577,249000,201724.66
578,457500,524143.84
579,440000,576810.8
580,289000,270664.1
581,207000,171848.05
582,422000,484864.8
583,285000,721096.06
584,240000,186713.92
585,252000,271444.88
586,665000,876141.6
587,635000,742141.75
588,445000,513241.44
589,325000,359041.5
590,400000,390968.6
591,502000,502470.75
592,605000,633537.56
593,299000,281847.22
594,335000,245981.81
595,325000,337229.03
596,1430000,2191456.0
597,223000,235265.05
598,1100000,1194397.6
599,230000,219662.17
600,791500,635197.0
601,500000,494900.4
602,200500,245462.34
603,515000,651953.1
604,975000,969904.6
605,276000,310654.66
606,695000,761774.0
607,270000,232800.81
608,770126,656598.9
609,822000,588552.2
610,679900,779717.5
611,315000,328957.1
612,593000,588151.7
613,490000,552283.4
614,607500,540579.06
615,599999,753660.1
616,420000,375998.16
617,150000,184553.84
618,310000,399937.25
619,189000,185846.23
620,308500,351968.8
621,575000,487036.0
622,409950,374641.78
623,150000,218918.6
624,500000,398933.47
625,290000,267373.16
626,535000,519380.56
627,315000,267999.66
628,190000,224318.14
629,290000,282861.4
630,413450,446048.16
631,630000,528531.6
632,505000,541723.06
633,200000,194332.44
634,2370000,1841546.8
635,660000,664425.44
636,370000,399420.34
637,271000,264413.9
638,1260000,925772.75
639,530000,428777.06
640,875000,655072.44
641,730000,699080.25
642,705000,637160.25
643,580000,639510.0
644,329900,340623.34
645,272000,200797.31
646,425000,384720.97
647,2400000,2225689.5
648,230000,256645.89
649,830000,951597.25
650,440000,491878.78
651,440000,472747.0
652,620000,578005.56
653,346000,266761.4
654,808000,832552.4
655,915000,1020857.5
656,505000,527391.6
657,339950,343222.28
658,392500,499070.75
659,280000,352622.2
660,284000,316343.16
661,502000,462361.7
662,265000,248166.94
663,538900,836854.4
664,175000,218961.17
665,324450,291266.53
666,349950,366880.22
667,410000,449159.47
668,461000,778812.6
669,370000,447902.38
670,220000,208702.55
671,568000,535654.75
672,187250,257624.66
673,1160000,1330529.6
674,385195,262675.0
675,349900,272128.0
676,335606,323696.2
677,545000,391151.22
678,519950,443649.44
679,178500,188434.5
680,615750,561246.4
681,860000,906223.75
682,522500,513247.84
683,267000,272099.72
684,435000,455142.84
685,400000,489641.66
686,525000,640837.5
687,295000,264103.2
688,1270000,1238903.5
689,1190000,1546322.5
690,828950,790975.94
691,343000,320598.3
692,475000,487591.8
693,96500,147926.75
694,425000,402084.6
695,160000,198665.72
696,675000,635344.1
697,302300,431533.16
698,334000,355716.22
699,750000,780778.7
700,681000,603640.0
701,132500,165854.3
702,490000,593070.4
703,353000,309687.97
704,784000,1036086.5
705,450000,393386.7
706,519000,618508.0
707,345000,385235.44
708,320000,329827.4
709,345000,189836.44
710,195000,237972.06
711,240000,237887.06
712,260000,239085.11
713,1090000,767004.9
714,925000,715570.2
715,370000,394233.5
716,472000,603799.1
717,335000,516720.9
718,640000,617079.56
719,490000,537360.1
720,419000,440113.72
721,300000,547381.0
722,280000,213531.9
723,221900,266046.03
724,530000,567401.2
725,975000,1023983.06
726,1120000,749830.3
727,460000,433159.6
728,538000,570012.94
729,790000,791599.0
730,295000,298977.97
731,499100,440587.9
732,245000,349752.53
733,675000,743122.94
734,275000,271653.1
735,500000,397606.72
736,498445,438069.53
737,443500,513590.7
738,1890000,1905195.8
739,775000,888419.75
740,473000,449137.2
741,685000,574476.0
742,433200,453656.9
743,344950,290036.03
744,450000,455417.3
745,1130000,1624942.0
746,403950,505143.47
747,320000,339897.78
748,419700,420452.38
749,712500,635993.56
750,345000,383934.47
751,749000,851134.9
752,557500,533405.0
753,409000,424907.3
754,367500,400835.44
755,180000,206415.3
756,279000,321705.12
757,265000,285132.84
758,1270000,973677.44
759,305500,297092.66
760,485000,595342.06
761,685000,694451.1
762,907000,822684.75
763,865000,841709.7
764,356200,531854.56
765,170000,137552.97
766,350000,402559.1
767,322000,414213.9
768,580000,566067.75
769,920000,720159.25
770,190500,196351.31
771,525000,512293.1
772,775000,778623.5
773,340000,369674.16
774,418000,417245.1
775,175000,241371.88
776,577000,545369.5
777,515000,424023.4
778,770000,809123.3
779,1200000,1373475.8
780,765000,862857.94
781,518000,728835.7
782,535000,556808.25
783,314000,212900.03
784,295950,310997.47
785,1430000,1147995.0
786,724950,725798.6
787,529900,650484.56
788,307000,301420.78
789,355000,429903.2
790,205000,191815.6
791,704000,813090.7
792,207100,180646.08
793,410000,333033.22
794,433500,448557.34
795,227000,227575.05
796,489000,527717.4
797,699000,720254.0
798,869000,712427.9
799,229000,275827.34
800,223000,183978.02
801,345000,374831.38
802,230000,245492.97
803,632500,720318.9
804,400375,347847.03
805,314500,271947.84
806,375000,296615.16
807,235000,215963.9
808,331500,326452.34
809,226550,236295.3
810,245000,235068.62
811,695000,687180.4
812,780000,772908.0
813,392800,433996.97
814,259000,265559.0
815,220000,238109.6
816,795127,948424.75
817,280000,284091.34
818,417000,422113.47
819,345500,287378.84
820,362300,363297.62
821,625000,706729.1
822,660000,568899.1
823,365000,340652.7
824,565000,542671.2
825,772000,835331.9
826,459000,460820.66
827,2450000,2557858.0
828,245000,272858.72
829,220500,240968.69
830,610000,484550.78
831,275000,229733.08
832,1610000,1448134.2
833,675000,696468.44
834,522000,357191.16
835,562000,636802.25
836,494995,499706.97
837,100000,125890.516
838,400000,483680.47
839,845000,958049.0
840,820000,882924.7
841,245000,288381.9
842,216000,239639.0
843,325000,346490.6
844,277000,230307.22
845,799950,739813.9
846,420000,418743.53
847,251750,252334.06
848,346500,392358.97
849,1000000,746425.56
850,737500,710288.25
851,350500,403768.22
852,287000,319399.03
853,998000,1320546.2
854,250275,227134.64
855,846000,910063.9
856,835000,760052.94
857,525000,598975.2
858,545000,514655.2
859,221000,191603.95
860,678000,724796.9
861,598555,691835.9
862,555000,636098.5
863,1570000,1429613.8
864,321000,344398.03
865,387000,421105.16
866,528000,501955.25
867,372220,328804.94
868,150000,259218.23
869,1050000,1142328.5
870,219950,258437.06
871,375000,407840.9
872,711000,741826.1
873,552321,492755.84
874,719950,615422.8
875,575000,612816.25
876,560000,570166.56
877,476500,396048.28
878,408000,416434.88
879,400000,515174.94
880,339999,316914.6
881,348500,314635.03
882,3080000,2863216.8
883,323000,280435.7
884,474950,542121.6
885,294450,365185.28
886,405000,465848.4
887,725000,611959.25
888,280000,321807.94
889,1320000,2860245.0
890,339900,294480.03
891,275000,289762.84
892,998000,687032.06
893,227000,276721.53
894,513000,483768.5
895,910000,798480.6
896,803100,855682.9
897,561000,660598.7
898,1150000,1370127.2
899,226000,227646.83
900,255000,262256.28
901,262000,273193.47
902,910000,1106989.2
903,234000,242453.23
904,280000,321954.06
905,699000,710498.9
906,160000,194541.03
907,620000,543514.6
908,242050,287826.22
909,270000,246127.14
910,289000,269871.78
911,272750,311187.53
912,838000,818009.06
913,280000,362507.97
914,480000,442618.44
915,280927,293440.03
916,279000,410883.84
917,439900,584649.75
918,250000,198675.92
919,338995,301907.75
920,230000,194886.23
921,550000,542534.6
922,277950,232537.83
923,308500,336107.22
924,210000,222592.31
925,250000,250139.72
926,235000,358957.34
927,540000,511269.97
928,260000,237149.42
929,490000,544243.4
930,1230000,1106785.6
931,500000,529351.06
932,335000,384717.22
933,265000,228006.11
934,950000,1181437.2
935,949000,882954.0
936,359950,442270.2
937,447000,408955.97
938,150000,208188.88
939,375000,324648.34
940,1580000,813240.1
941,405000,339931.03
942,494500,605872.6
943,210000,218399.12
944,289950,409832.53
945,350000,428986.97
946,185000,197053.25
947,169500,133606.16
948,480000,485756.78
949,210000,290024.6
950,1150000,854565.8
951,287500,283814.78
952,410000,442342.97
953,995000,1034762.0
954,913888,734649.75
955,959750,806348.7
956,580000,599192.0
957,547500,500583.84
958,2200000,1621260.8
959,357562,421876.6
960,791000,564532.3
961,725000,884145.7
962,372500,401898.4
963,560000,618440.06
964,210000,212422.44
965,337000,315884.03
966,281000,264103.84
967,80000,214033.53
968,765000,831990.0
969,285000,308224.12
970,794154,743258.4
971,115000,153345.27
972,303000,256748.52
973,179500,251591.05
974,313000,462881.84
975,346950,347912.97
976,429000,536713.56
977,409000,428842.28
978,280000,226163.8
979,772650,835856.5
980,580000,632893.0
981,641000,548080.3
982,647500,608889.25
983,427000,466677.22
984,469000,464386.7
985,260000,291288.84
986,314000,359969.53
987,759000,540511.25
988,898000,627862.75
989,340000,365426.53
990,269500,179737.4
991,352500,344441.56
992,470000,538999.25
993,840000,883546.75
994,2110000,1051702.1
995,250000,190060.25
996,429592,488833.84
997,682000,725709.1
998,525000,594367.56
999,299000,463111.25
1000,372500,379299.16
1001,133400,132630.05
1002,179950,180791.44
1003,523000,658665.1
1004,166950,207874.34
1005,295700,308875.12
1006,429950,544484.4
1007,605000,570063.1
1008,1280000,1145234.8
1009,464950,458288.97
1010,1230000,866469.0
1011,770000,584273.8
1012,699000,845212.9
1013,410000,348677.6
1014,592500,627565.6
1015,312000,410161.66
1016,450000,397577.6
1017,799000,641926.1
1018,435000,445542.72
1019,380000,381907.75
1020,159075,223846.03
1021,785000,708556.6
1022,320000,370619.0
1023,1060000,1300888.2
1024,625000,601496.0
1025,2160000,2007355.1
1026,397000,416198.22
1027,390000,445818.47
1028,263000,246073.23
1029,405000,516745.03
1030,465000,437676.22
1031,522000,477084.8
1032,522000,404366.62
1033,435000,446087.12
1034,375000,309821.06
1035,524950,561247.1
1036,562100,503985.72
1037,333000,296207.34
1038,446000,397060.62
1039,575000,710543.9
1040,668500,751589.1
1041,649800,546041.3
1042,1160000,889638.4
1043,309620,445564.62
1044,824000,814236.94
1045,285000,283029.94
1046,257000,238542.02
1047,455600,485028.0
1048,362000,419026.6
1049,452000,480738.8
1050,425000,385189.97
1051,575000,456006.56
1052,1000000,1771566.5
1053,580000,483568.84
1054,363500,425602.53
1055,246000,241351.86
1056,365000,298288.1
1057,320000,449877.4
1058,1330000,1518916.4
1059,512000,425289.84
1060,310000,244292.16
1061,608000,615971.6
1062,410000,446257.53
1063,759000,664089.8
1064,555000,400241.38
1065,845000,797513.6
1066,306000,317813.6
1067,1050000,944694.4
1068,275000,282880.12
1069,576000,485924.03
1070,840000,748351.0
1071,482000,481432.9
1072,259000,279445.6
1073,339888,326956.4
1074,530000,512899.84
1075,327500,294736.22
1076,840500,813575.94
1077,389000,488711.0
1078,1230000,1254755.8
1079,527500,548967.9
1080,267000,243328.44
1081,800000,665297.6
1082,744500,781813.3
1083,255000,262028.56
1084,200000,216393.89
1085,590000,481287.75
1086,560000,416442.22
1087,409000,405254.16
1088,378000,498074.72
1089,572000,634992.9
1090,1040000,1377003.1
1091,299950,322041.03
1092,580000,521205.22
1093,720001,592113.2
1094,1400000,1565356.5
1095,1330000,1313038.8
1096,360000,411803.44
1097,460000,429860.25
1098,390500,296683.3
1099,315000,305309.25
1100,380000,407250.53
1101,265000,267542.3
1102,589000,667223.7
1103,700000,980280.0
1104,349900,267997.78
1105,425000,426611.8
1106,235000,199696.38
1107,232000,205640.38
1108,660000,590733.9
1109,1190000,826307.8
1110,350000,380178.03
1111,350000,410544.53
1112,886000,773728.7
1113,409000,310931.56
1114,600000,489148.28
1115,1340000,1431205.6
1116,354800,310792.9
1117,839000,942209.3
1118,224950,223978.16
1119,720000,820820.75
1120,450000,422735.66
1121,790000,836564.4
1122,435000,583765.9
1123,260000,252488.52
1124,275000,176987.19
1125,455000,438916.53
1126,620000,622159.0
1127,582000,577674.56
1128,750000,655376.0
1129,506000,570281.75
1130,650000,540752.4
1131,270000,243674.03
1132,376500,468490.0
1133,209950,198524.69
1134,640000,2853836.5
1135,315000,338906.2
1136,384950,364661.72
1137,405000,366584.16
1138,194250,231185.22
1139,352000,376514.3
1140,160000,146070.08
1141,728000,656487.0
1142,410000,339498.34
1143,232000,315241.62
1144,375000,376357.34
1145,292000,310536.6
1146,620000,551248.9
1147,700000,578754.9
1148,1780000,1293493.2
1149,315000,423671.6
1150,386380,417837.75
1151,471000,441927.22
1152,907500,879030.9
1153,785000,853947.1
1154,795000,743260.25
1155,244000,265915.56
1156,442900,573499.7
1157,575000,498597.97
1158,275500,319521.44
1159,180000,250351.88
1160,610000,516583.4
1161,525000,661899.9
1162,731100,552613.25
1163,831000,950020.9
1164,299000,317255.34
1165,225000,311397.06
1166,277554,381710.53
1167,180500,279062.25
1168,258000,249588.86
1169,200000,284483.72
1170,483000,526889.1
1171,330000,291129.34
1172,1820000,2369095.5
1173,381000,383726.4
1174,276000,281935.2
1175,385000,372729.78
1176,1470000,1035868.06
1177,469000,465262.94
1178,579000,558343.9
1179,445000,510908.5
1180,298500,307427.9
1181,297000,232431.83
1182,552000,439372.1
1183,210000,242246.38
1184,384000,357985.62
1185,410000,424532.03
1186,400000,398459.1
1187,385000,426474.22
1188,405000,377540.22
1189,295000,422168.66
1190,559000,470157.5
1191,350000,482230.28
1192,546200,735656.5
1193,268950,189893.78
1194,549000,633420.94
1195,259900,304710.4
1196,379750,329358.6
1197,580000,714980.4
1198,748000,855693.4
1199,350500,393741.66
1200,700000,809381.94
1201,345000,327750.97
1202,1520000,1338523.8
1203,390000,377531.3
1204,960000,790265.75
1205,675000,721122.0
1206,545000,509449.3
1207,289950,373869.6
1208,219000,209190.25
1209,674750,771869.3
1210,350000,346087.88
1211,656000,616928.44
1212,360000,440940.22
1213,515000,670629.0
1214,364950,314598.84
1215,492000,393208.78
1216,698000,718585.5
1217,380000,397499.97
1218,445000,470715.97
1219,760000,669327.5
1220,1200000,1066659.5
1221,600000,545984.06
1222,415000,453078.47
1223,649000,856839.7
1224,473000,436752.34
1225,272000,256283.38
1226,485000,426434.9
1227,475000,462951.66
1228,998000,795705.0
1229,359900,280536.34
1230,885000,737447.2
1231,465000,551119.3
1232,760000,736703.7
1233,615000,826958.3
1234,1600000,2124862.0
1235,199999,220758.12
1236,1050000,1477059.0
1237,285000,247030.06
1238,275000,315216.97
1239,394950,372737.28
1240,810000,888730.9
1241,589000,510109.25
1242,593000,720906.75
1243,417000,407608.47
1244,1070000,1178382.0
1245,355000,412793.94
1246,489000,469580.9
1247,350000,448952.34
1248,986000,875558.0
1249,549000,551071.2
1250,205000,216005.64
1251,359500,293015.38
1252,405500,344989.6
1253,590000,548499.06
1254,920000,904596.0
1255,450000,526516.25
1256,145000,149267.98
1257,640000,812748.5
1258,526000,407825.22
1259,640000,682540.3
1260,1200000,1169775.1
1261,1480000,1482876.6
1262,320900,400299.28
1263,782000,850593.75
1264,507000,520062.78
1265,450000,442191.5
1266,316750,318055.47
1267,460000,588930.6
1268,312900,299764.44
1269,689950,644728.75
1270,465000,543024.0
1271,590000,460847.47
1272,255500,344191.0
1273,625000,620679.5
1274,1100000,1114218.8
1275,350000,371139.84
1276,284950,302263.72
1277,340000,344150.78
1278,799000,704761.9
1279,765000,682153.56
1280,409316,452696.03
1281,657500,605960.44
1282,255000,321667.94
1283,875000,746424.1
1284,575000,686751.3
1285,320000,317616.6
1286,600000,556370.9
1287,256950,339096.53
1288,760000,1160306.2
1289,467000,439228.47
1290,317000,319979.7
1291,318500,302482.72
1292,135900,177494.66
1293,477000,386727.6
1294,988500,799918.25
1295,445000,597403.44
1296,521000,623399.1
1297,543200,693774.75
1298,512500,500367.62
1299,800000,826659.75
1300,613200,609234.0
1301,260000,309340.22
1302,616000,510578.84
1303,724000,664518.3
1304,406000,419931.0
1305,545000,628317.1
1306,420000,407114.22
1307,547000,444135.1
1308,285000,234617.11
1309,330000,327902.4
1310,599000,534826.1
1311,1290000,1467818.5
1312,250000,188499.66
1313,270000,307154.84
1314,869000,648665.25
1315,2580000,1484806.4
1316,375000,430136.03
1317,995000,979145.06
1318,749000,841382.0
1319,419900,425283.34
1320,185000,251914.66
1321,207950,255115.64
1322,283000,332121.9
1323,426000,451449.72
1324,317000,405515.0
1325,548000,642464.6
1326,820000,918625.25
1327,635200,539449.6
1328,500000,552627.4
1329,299950,252314.25
1330,615000,828826.2
1331,286000,229434.72
1332,827500,566628.06
1333,156000,180039.1
1334,640000,515628.44
1335,1900000,1427338.2
1336,350000,319925.53
1337,401000,365133.16
1338,534500,469049.75
1339,657000,617960.94
1340,985000,827435.75
1341,415000,411593.5
1342,749950,713510.25
1343,1720000,1294093.4
1344,345000,315816.6
1345,398000,381234.28
1346,419995,399605.78
1347,1680000,1473131.0
1348,785000,826626.4
1349,571500,274361.12
1350,860000,795312.1
1351,515000,413699.78
1352,533000,518609.4
1353,2460000,3100913.0
1354,445000,464206.03
1355,891000,756564.1
1356,431000,345839.03
1357,376950,379074.2
1358,235000,299216.75
1359,500000,487660.3
1360,459000,504208.88
1361,359950,384679.84
1362,378000,351020.9
1363,306500,343510.03
1364,527550,325112.47
1365,317000,325979.16
1366,700000,594850.5
1367,645000,729430.9
1368,420000,492486.72
1369,475000,464828.78
1370,255000,313124.3
1371,675000,536548.5
1372,492450,480047.3
1373,545000,517619.1
1374,1570000,2563428.0
1375,235000,148087.28
1376,310000,365781.62
1377,575000,659860.75
1378,588000,620516.6
1379,515000,566422.3
1380,300000,260018.2
1381,365000,392942.16
1382,539000,449560.9
1383,850000,700043.0
1384,1240000,1835664.1
1385,223000,174792.69
1386,175000,153044.62
1387,540000,382455.28
1388,640000,528726.5
1389,1910000,1864366.4
1390,432500,512668.34
1391,455000,297940.53
1392,161500,184228.66
1393,479000,534802.4
1394,521000,487099.9
1395,565000,459252.72
1396,516500,498547.34
1397,332500,304219.22
1398,265000,262525.25
1399,155000,256985.52
1400,391000,373151.28
1401,715000,436340.38
1402,463000,442443.56
1403,905000,899649.5
1404,320000,336272.66
1405,400000,402567.6
1406,559000,554766.2
1407,325000,426648.4
1408,295000,278943.9
1409,361000,322523.6
1410,512500,443629.22
1411,402500,346049.4
1412,850000,882494.8
1413,1150000,1144293.2
1414,495000,561155.94
1415,650000,618715.56
1416,582500,552145.56
1417,2700000,2291144.5
1418,243000,218540.25
1419,495000,479126.62
1420,510000,417010.84
1421,249000,291622.53
1422,400000,420932.5
1423,555000,453218.1
1424,485500,505391.9
1425,261950,296381.72
1426,343000,430227.72
1427,260000,235567.47
1428,565000,605633.94
1429,520000,499190.9
1430,521900,557841.3
1431,460000,355781.53
1432,875000,727965.75
1433,399000,367996.53
1434,605000,540492.75
1435,335000,381086.72
1436,187000,211678.16
1437,1320000,985750.4
1438,232500,204943.08
1439,550000,625997.5
1440,230000,241758.2
1441,248000,314926.28
1442,355000,315653.72
1443,585000,564138.44
1444,415000,466849.12
1445,205000,173025.31
1446,790000,809071.06
1447,312000,478548.06
1448,260000,375086.97
1449,291000,311642.6
1450,165000,182895.14
1451,467000,388198.25
1452,967500,1158899.2
1453,572000,522383.38
1454,417838,371433.88
1455,540000,524934.06
1456,285000,338879.88
1457,535000,582981.0
1458,1280000,1347058.4
1459,395000,386463.94
1460,360000,361251.78
1461,440000,471767.66
1462,405000,473331.4
1463,639000,543129.8
1464,540000,549285.1
1465,440000,425171.4
1466,925000,864923.4
1467,1350000,1066635.2
1468,412000,378371.6
1469,588000,455023.47
1470,297950,273947.3
1471,580000,561891.5
1472,650000,725597.8
1473,730000,738476.1
1474,570000,622349.7
1475,650000,591356.5
1476,302000,231883.77
1477,470450,482019.78
1478,168000,203333.4
1479,225000,250960.67
1480,240000,246731.16
1481,309950,211420.56
1482,489000,630866.4
1483,375000,363076.84
1484,480000,667799.4
1485,270000,332036.47
1486,325000,362895.22
1487,695000,970799.6
1488,400000,461506.28
1489,351000,455210.5
1490,305000,284670.84
1491,295000,248083.44
1492,339950,437013.9
1493,445000,533661.44
1494,380000,374770.78
1495,538500,543069.9
1496,431000,443331.1
1497,850000,917810.8
1498,412000,396636.4
1499,850000,779291.0
1500,1160000,756406.94
1501,530000,399425.5
1502,399950,371529.75
1503,320000,347056.1
1504,485000,565825.1
1505,438500,402254.1
1506,475000,351384.12
1507,437000,485524.9
1508,544999,457607.5
1509,850000,668784.94
1510,1960000,2167668.5
1511,292000,334290.3
1512,695000,723884.75
1513,582000,597525.7
1514,495000,499779.72
1515,417500,479052.06
1516,810000,783990.0
1517,630000,599448.2
1518,690000,753281.25
1519,1370000,1799359.9
1520,478000,479470.9
1521,275000,400726.66
1522,529950,514698.84
1523,268000,302982.1
1524,220000,209424.05
1525,852880,892691.9
1526,540000,478164.7
1527,465000,450782.72
1528,330000,331814.16
1529,306000,392527.28
1530,255000,393146.03
1531,399000,403180.84
1532,401000,402006.03
1533,725000,819387.25
1534,2350000,1465452.1
1535,849000,758625.94
1536,445000,394986.34
1537,780000,784019.75
1538,2380000,1964452.5
1539,785000,788015.4
1540,494815,485983.44
1541,525000,696614.4
1542,458500,388559.78
1543,575000,577780.1
1544,187000,162056.1
1545,1400000,1650834.8
1546,369000,380878.66
1547,260000,309781.66
1548,252750,245231.06
1549,829995,870553.9
1550,246000,240835.25
1551,969000,1177021.8
1552,880000,1004476.1
1553,338000,345942.03
1554,2000000,1616659.8
1555,485000,559154.0
1556,339300,422242.1
1557,458000,594785.1
1558,648000,664028.75
1559,540000,467579.12
1560,415885,330891.22
1561,1050000,996226.56
1562,495000,557707.06
1563,863000,957991.94
1564,399000,451368.66
1565,724950,711027.7
1566,1190000,1189624.2
1567,455000,491109.06
1568,288350,263724.38
1569,552500,779596.5
1570,335000,334148.53
1571,245000,244804.47
1572,950000,758694.06
1573,590000,508939.75
1574,344200,398688.94
1575,510000,511686.84
1576,293000,357194.62
1577,467000,436873.62
1578,185000,232191.75
1579,1010000,1112901.2
1580,205000,167956.83
1581,375000,384692.22
1582,150000,299773.34
1583,1300000,1751776.4
1584,524000,522751.53
1585,375000,432123.97
1586,489000,400030.97
1587,575000,560051.25
1588,415000,333799.4
1589,1020000,1446413.8
1590,835000,785764.25
1591,575000,572566.0
1592,199900,194437.97
1593,895000,754508.3
1594,373000,435534.4
1595,425000,394340.53
1596,589000,553605.1
1597,790000,822588.94
1598,1020000,873006.56
1599,2350000,1540277.2
1600,649990,670559.1
1601,485000,563266.75
1602,415000,427568.94
1603,360000,342630.22
1604,825000,1084412.0
1605,315500,288618.88
1606,799990,812071.4
1607,1450000,1484639.6
1608,555000,538098.25
1609,547500,476606.38
1610,554000,618432.0
1611,599000,663074.56
1612,179000,182730.12
1613,385000,522851.53
1614,760000,543520.44
1615,405000,359140.84
1616,399888,427665.44
1617,399000,404252.47
1618,1570000,1694529.4
1619,294000,291727.03
1620,300000,345479.34
1621,465000,426524.28
1622,435000,657196.6
1623,554950,598903.9
1624,450000,382546.34
1625,420000,592503.75
1626,198500,223921.75
1627,160000,207480.6
1628,760000,831313.9
1629,250000,280536.28
1630,535000,421246.8
1631,715000,843643.5
1632,315000,309905.6
1633,300000,261392.84
1634,240000,299264.28
1635,429000,439500.7
1636,1360000,1259898.2
1637,375000,397407.03
1638,288000,320630.84
1639,455000,479481.03
1640,311000,320456.84
1641,845950,1038026.6
1642,565000,620394.0
1643,291000,268653.16
1644,314000,342469.6
1645,440000,461383.1
1646,915000,803399.0
1647,265000,294723.78
1648,350000,461496.38
1649,495000,525254.75
1650,943500,652278.6
1651,410000,260952.12
1652,449950,444357.16
1653,199500,244453.34
1654,242500,222144.98
1655,375000,325420.06
1656,500000,486121.28
1657,749000,487241.4
1658,525000,446382.72
1659,315000,240770.44
1660,625000,575151.75
1661,1490000,1933595.1
1662,287000,290999.3
1663,850000,803102.9
1664,620000,660758.9
1665,226000,326289.5
1666,625000,779446.9
1667,1540000,1893170.5
1668,393820,423550.84
1669,1640000,1504165.0
1670,810000,667093.7
1671,390000,527252.5
1672,579000,506521.72
1673,1140000,1629442.2
1674,480000,398135.06
1675,339275,315116.3
1676,239950,261081.86
1677,402500,392745.28
1678,283000,320608.75
1679,240000,246838.28
1680,300000,305499.72
1681,234000,203849.62
1682,969500,805946.75
1683,286000,227666.97
1684,252000,247201.61
1685,478000,550481.75
1686,380000,403343.53
1687,399950,434363.44
1688,499950,438358.75
1689,1330000,997136.6
1690,309500,331248.03
1691,770000,636641.0
1692,575000,615122.06
1693,545000,555011.8
1694,275000,317525.66
1695,481500,380881.6
1696,830000,881185.5
1697,519000,422632.8
1698,310000,282258.56
1699,660000,491654.94
1700,285650,309869.06
1701,650000,575431.56
1702,1040000,1215806.4
1703,1150000,1065743.4
1704,206000,265594.9
1705,399950,484093.6
1706,352000,394093.4
1707,337500,400835.8
1708,322000,339177.1
1709,850000,862473.94
1710,311000,443841.4
1711,267500,285439.66
1712,400000,483249.38
1713,567000,763344.25
1714,640000,728818.0
1715,200000,249392.12
1716,545000,464303.5
1717,562100,501522.47
1718,595000,624894.25
1719,649000,611391.75
1720,625504,425924.03
1721,690000,643320.7
1722,330000,280121.72
1723,387500,515146.4
1724,309000,312149.84
1725,1200000,1345551.2
1726,669000,339563.1
1727,464000,510202.88
1728,1240000,1295268.9
1729,707000,781617.6
1730,322500,263181.6
1731,150000,130680.484
1732,419000,426891.4
1733,281000,317591.16
1734,620000,558359.5
1735,205425,211715.55
1736,1330000,1002288.6
1737,455000,445239.88
1738,240000,236019.45
1739,265500,241636.97
1740,280000,336368.75
1741,603000,674354.5
1742,500000,524856.7
1743,385000,294051.1
1744,725000,785887.6
1745,711800,793782.25
1746,205000,234784.86
1747,249000,216209.69
1748,395000,441015.0
1749,244000,232657.92
1750,250000,250065.94
1751,1120000,1051871.4
1752,555000,587129.6
1753,380000,483136.3
1754,410000,474073.16
1755,375000,351928.84
1756,329000,391867.25
1757,353250,321541.6
1758,550000,558199.56
1759,770000,1049288.2
1760,265000,390649.66
1761,544900,581446.75
1762,455000,463072.3
1763,520000,536726.4
1764,930000,660314.06
1765,550000,530670.5
1766,440000,534752.44
1767,635000,693719.94
1768,320000,344584.5
1769,443500,449155.12
1770,1100000,867219.25
1771,315000,399906.6
1772,502000,533634.4
1773,449500,383391.84
1774,275000,263734.28
1775,100000,168795.48
1776,382000,430291.4
1777,215000,189838.34
1778,274500,293087.66
1779,430000,380848.1
1780,922755,917616.06
1781,557865,721283.9
1782,895990,811259.8
1783,640000,685654.6
1784,439800,490019.34
1785,907000,737630.94
1786,306500,314317.97
1787,200000,240621.56
1788,400000,369288.25
1789,569500,556569.4
1790,512500,517551.1
1791,405000,404875.25
1792,304999,242437.98
1793,490000,469887.28
1794,375000,504529.5
1795,360000,326535.28
1796,310000,249208.28
1797,314950,301387.97
1798,289900,343303.44
1799,3120000,2698571.0
1800,320000,417613.97
1801,850000,984376.0
1802,999000,806269.5
1803,383000,404063.75
1804,201000,196597.75
1805,295000,355925.8
1806,291375,406614.6
1807,506500,449057.0
1808,355000,345725.44
1809,318000,302038.72
1810,425000,451619.22
1811,870000,926247.25
1812,754950,762489.25
1813,273500,222032.83
1814,250000,202425.78
1815,565000,439638.22
1816,305000,369499.66
1817,425000,495435.6
1818,198000,175249.34
1819,1250000,893599.8
1820,280000,259224.05
1821,415000,555163.94
1822,252500,345965.84
1823,605000,570386.25
1824,199950,170325.4
1825,421500,525170.5
1826,350000,308758.78
1827,265000,287401.22
1828,515000,493959.6
1829,840000,1105992.6
1830,454000,379045.28
1831,335950,321876.53
1832,364950,405530.4
1833,1700000,1637568.8
1834,496000,536064.5
1835,1100000,1033527.0
1836,295000,291710.53
1837,650500,579967.56
1838,335000,394484.12
1839,219000,178870.52
1840,358000,376379.2
1841,386000,427643.38
1842,235000,291093.72
1843,670000,729480.6
1844,1000000,985405.94
1845,432100,475906.1
1846,350500,421748.0
1847,255000,231342.97
1848,1000000,825846.9
1849,685000,618632.56
1850,551000,684294.75
1851,1200000,1325970.8
1852,355000,356462.8
1853,1220000,1038947.75
1854,335000,313741.28
1855,437500,529447.6
1856,315000,292718.66
1857,545000,463403.5
1858,515000,686177.25
1859,268000,215498.88
1860,1230000,1016456.6
1861,700000,579444.8
1862,390000,572347.5
1863,458000,417824.34
1864,306950,324679.25
1865,567500,507607.78
1866,289000,280240.5
1867,300000,308739.12
1868,585000,596504.0
1869,559950,494393.22
1870,1690000,1248506.1
1871,305000,293677.34
1872,739000,890297.5
1873,506000,694588.9
1874,399950,451117.06
1875,396000,424911.9
1876,819900,928230.9
1877,827235,769987.6
1878,473000,635965.0
1879,449950,466354.84
1880,1280000,1045734.4
1881,645000,645656.25
1882,755000,755342.4
1883,426000,373488.22
1884,930000,1005481.75
1885,325000,301140.16
1886,600000,717380.5
1887,500000,552096.25
1888,286285,224510.56
1889,150000,189727.52
1890,579000,546865.25
1891,274500,242332.1
1892,315000,417972.9
1893,229000,235660.38
1894,215000,287052.12
1895,660000,786740.75
1896,2630000,2404395.5
1897,374000,426835.9
1898,359782,434007.22
1899,540000,463154.03
1900,732000,589192.6
1901,475000,410509.84
1902,220000,359113.7
1903,700000,533200.1
1904,292500,330482.66
1905,525000,558305.0
1906,372000,365995.88
1907,435000,439952.8
1908,725000,667509.75
1909,435000,488936.6
1910,500000,620680.1
1911,810000,669108.9
1912,325000,313859.25
1913,549000,522506.97
1914,1180000,1327314.8
1915,245000,258307.62
1916,245000,243682.88
1917,464900,446053.88
1918,332500,431202.38
1919,454000,344573.53
1920,490000,630782.5
1921,450000,506575.12
1922,319000,417992.84
1923,370000,419396.62
1924,389500,341573.9
1925,798000,968947.5
1926,375000,396156.2
1927,440000,436877.75
1928,572500,553556.25
1929,279000,267743.34
1930,400000,337635.28
1931,1130000,610939.4
1932,370000,367692.28
1933,699950,620549.56
1934,332000,457910.84
1935,800000,810585.6
1936,560000,593870.5
1937,762000,675545.0
1938,471275,438766.78
1939,385000,590931.56
1940,336900,297570.06
1941,225000,281365.16
1942,375000,437877.6
1943,509000,443355.94
1944,535000,611774.6
1945,1010000,878445.5
1946,437718,445224.38
1947,640000,732274.25
1948,252000,213235.55
1949,1200000,1241086.8
1950,412000,390683.88
1951,255000,254234.19
1952,210000,243436.52
1953,391265,484804.1
1954,298000,356439.2
1955,542000,581642.06
1956,535000,512803.34
1957,750000,913904.3
1958,300000,402111.78
1959,315000,244353.42
1960,511100,415304.28
1961,620000,712967.75
1962,406550,590234.1
1963,980000,973616.44
1964,397500,385452.38
1965,309950,324876.47
1966,1420000,1667365.2
1967,345000,469860.16
1968,277000,236503.44
1969,326000,387130.84
1970,460000,457134.3
1971,262000,247228.84
1972,369950,301235.34
1973,294000,318795.56
1974,525000,528947.56
1975,355000,402357.72
1976,350000,486480.06
1977,367500,387543.66
1978,641200,483089.2
1979,525000,476473.84
1980,681500,776414.8
1981,415000,388301.4
1982,286900,259624.27
1983,675750,641207.4
1984,450000,543625.75
1985,320000,264395.84
1986,322000,332657.66
1987,492000,558803.8
1988,255000,266322.66
1989,395000,398327.9
1990,305000,345107.28
1991,831000,694430.9
1992,703770,667810.0
1993,710000,602802.9
1994,360000,295919.38
1995,235000,254261.58
1996,693000,658445.6
1997,445000,455277.44
1998,483500,446518.06
1999,465000,605674.94
2000,587000,547453.25
2001,560000,676308.0
2002,330000,310724.34
2003,445000,494122.4
2004,770000,438036.7
2005,550000,447887.53
2006,499000,492592.78
2007,481000,460341.5
2008,363000,395384.4
2009,738000,738856.75
2010,436000,434954.16
2011,440000,471209.28
2012,398500,430012.34
2013,390000,405608.1
2014,532170,464916.47
2015,494400,552451.3
2016,249000,206876.36
2017,470000,476172.78
2018,511000,570302.2
2019,375000,436166.47
2020,652000,615905.4
2021,1300000,719666.6
2022,379900,411609.94
2023,950000,871562.4
2024,608700,671175.2
2025,290000,264323.03
2026,752888,828621.25
2027,452000,423612.53
2028,304500,340212.6
2029,148000,178497.22
2030,335000,366015.56
2031,299000,368136.1
2032,799000,677987.9
2033,770000,910715.0
2034,261000,337459.78
2035,449400,475499.97
2036,2450000,1735293.5
2037,539000,589733.75
2038,350000,368992.53
2039,609850,708444.2
2040,402500,491520.56
2041,575000,597815.8
2042,400000,407063.16
2043,820000,807393.56
2044,235000,215797.22
2045,324950,236211.67
2046,216500,253424.72
2047,454000,432633.8
2048,315000,324850.5
2049,487000,471198.53
2050,333000,499112.56
2051,659000,690387.1
2052,357000,308783.47
2053,780000,768699.5
2054,699188,641367.5
2055,2200000,2293135.0
2056,320000,321789.97
2057,282613,258659.03
2058,710000,635805.4
2059,455000,369308.22
2060,1400000,975849.4
2061,1030000,922469.0
2062,429000,495744.7
2063,100000,193417.1
2064,212500,209315.73
2065,806000,850876.8
2066,419000,522062.34
2067,729999,778218.25
2068,790000,830946.5
2069,690000,564618.1
2070,900000,728651.4
2071,455000,425787.47
2072,280000,352724.94
2073,151000,169540.12
2074,350000,311496.03
2075,336750,325352.72
2076,962000,932257.25
2077,649950,700256.4
2078,439990,444663.03
2079,497300,597466.0
2080,900000,927783.6
2081,475200,452597.94
2082,665000,648930.7
2083,449950,400292.28
2084,533300,520067.34
2085,640000,696005.75
2086,479950,432689.28
2087,278000,226802.11
2088,577000,493409.88
2089,624000,572351.3
2090,305240,345570.97
2091,609900,490178.94
2092,475000,433681.22
2093,247300,351330.72
2094,168000,282316.03
2095,299950,250143.3
2096,525000,472483.6
2097,459500,474593.38
2098,525000,739510.9
2099,269950,322885.53
2100,1010000,1080089.0
2101,488000,369131.03
2102,1750000,1931689.1
2103,375000,258979.38
2104,637250,643743.75
2105,435000,358526.4
2106,850000,899996.44
2107,416000,452961.1
2108,330000,242571.19
2109,230000,234155.6
2110,210000,331043.47
2111,388000,427520.38
2112,998800,980699.6
2113,224950,176387.23
2114,510000,530144.75
2115,530000,491509.84
2116,384435,350328.53
2117,730000,1025929.8
2118,255500,294268.97
2119,990000,940612.6
2120,1080000,1320383.2
2121,634800,644896.6
2122,300000,312213.25
2123,364000,429251.1
2124,403000,411813.12
2125,490000,473115.16
2126,322200,367203.28
2127,586000,645465.06
2128,435000,430014.88
2129,428040,483363.06
2130,1350000,817517.8
2131,875000,775894.94
2132,425000,475036.28
2133,1640000,1631574.8
2134,280000,189675.44
2135,265000,261223.31
2136,260000,224245.31
2137,630000,731672.9
2138,505657,494171.12
2139,683000,728979.4
2140,345000,485798.22
2141,215000,244782.78
2142,255000,339556.4
2143,304000,335711.34
2144,565000,635197.8
2145,230000,392725.97
2146,770000,1156651.2
2147,300000,355532.16
2148,649000,827710.0
2149,280000,372244.5
2150,204000,211976.7
2151,512000,596633.25
2152,410000,415712.28
2153,312500,324053.16
2154,474000,357576.78
2155,220000,228352.11
2156,726000,785586.3
2157,299500,308438.53
2158,369500,390288.66
2159,225000,239604.44
2160,275000,276415.34
2161,217000,192246.27
2162,1480000,1283174.5
2163,418000,442428.72
2164,733000,782524.4
2165,650000,713583.4
2166,735000,586725.25
2167,595000,664824.0
2168,403500,272241.5
2169,782000,772465.7
2170,525000,428049.66
2171,693000,863537.06
2172,606000,612593.44
2173,732000,795784.4
2174,1100000,885785.06
2175,194000,167669.66
2176,352000,476807.16
2177,140000,182356.95
2178,285000,337707.16
2179,453000,448942.12
2180,508450,439943.03
2181,302000,323447.84
2182,960000,1060725.4
2183,520000,443243.56
2184,735000,736401.8
2185,139000,210789.7
2186,692000,557190.5
2187,591000,555872.75
2188,374000,288139.78
2189,1090000,968933.56
2190,266000,230345.1
2191,590000,654154.06
2192,360000,374177.47
2193,330000,315906.75
2194,799000,724303.6
2195,765000,549705.9
2196,481000,571736.25
2197,199000,233121.72
2198,257100,165978.77
2199,418500,436371.84
2200,1300000,1065010.0
2201,314000,320374.28
2202,483000,432241.4
2203,300000,298750.2
2204,275000,331545.72
2205,205000,219941.98
2206,376000,382100.9
2207,312000,270315.97
2208,275000,317754.97
2209,460000,538752.44
2210,417000,426199.7
2211,575000,638363.1
2212,193000,172107.34
2213,432000,431823.72
2214,223000,173644.12
2215,941500,1060836.9
2216,355000,388930.3
2217,526000,451629.7
2218,580000,623076.6
2219,358000,340640.4
2220,185000,193016.84
2221,575000,705724.0
2222,275000,263573.72
2223,460000,516293.22
2224,979000,1111591.9
2225,430000,401915.8
2226,405000,339980.1
2227,549000,576896.2
2228,200000,199629.25
2229,600000,545080.3
2230,400000,650169.25
2231,750000,721297.4
2232,218500,310216.38
2233,265000,328048.34
2234,375000,403558.03
2235,431000,406438.97
2236,520000,478075.75
2237,545000,487889.22
2238,550000,508647.16
2239,230000,192077.02
2240,435000,471445.84
2241,641000,556871.94
2242,477000,427179.97
2243,725000,699233.0
2244,241500,170737.19
2245,1030000,935490.25
2246,608000,593956.0
2247,246950,354759.1
2248,248000,297494.56
2249,435000,458200.03
2250,299900,264576.78
2251,249900,261841.1
2252,400000,712313.6
2253,899900,657127.1
2254,160797,318167.47
2255,1400000,1011247.3
2256,517500,562522.9
2257,157000,204399.81
2258,598500,784322.8
2259,560000,390132.97
2260,218000,216194.97
2261,685000,548706.3
2262,250000,223399.22
2263,717000,736263.5
2264,640000,676242.94
2265,242000,260486.23
2266,242500,183663.81
2267,546000,525872.4
2268,365000,292069.44
2269,548000,732040.4
2270,890000,867271.5
2271,814950,758807.9
2272,312000,301692.03
2273,550000,551189.56
2274,390000,364223.16
2275,249000,241385.33
2276,335000,316595.28
2277,325088,319883.38
2278,284000,361573.34
2279,900000,1102136.0
2280,309950,308103.56
2281,590000,481886.8
2282,151600,261572.22
2283,331000,506483.47
2284,429900,360461.72
2285,530000,520348.97
2286,355000,309196.53
2287,299800,267033.5
2288,652500,625777.1
2289,475000,630661.0
2290,641250,931240.6
2291,590000,435462.53
2292,425000,362871.34
2293,282900,247325.53
2294,115000,188841.66
2295,263500,282493.28
2296,340000,327685.16
2297,570000,545373.1
2298,250000,190388.9
2299,1100000,940813.25
2300,501000,625129.7
2301,1030000,940005.06
2302,334888,351837.53
2303,1460000,1258636.8
2304,458000,546394.94
2305,577500,631027.1
2306,569500,580876.56
2307,373000,413140.62
2308,650000,483262.75
2309,450000,491058.16
2310,356000,232018.58
2311,309000,323113.5
2312,300000,341899.03
2313,296000,325718.84
2314,760000,891335.44
2315,280000,337213.78
2316,375000,380048.16
2317,277000,239199.4
2318,300000,296730.28
2319,481015,419153.66
2320,408000,362888.34
2321,320000,531088.4
2322,650000,602165.4
2323,439500,457918.2
2324,308550,318235.66
2325,627000,535526.7
2326,350000,359737.84
2327,782900,690879.5
2328,425000,444106.0
2329,720000,991079.5
2330,550000,583034.5
2331,530000,499575.28
2332,449950,455527.66
2333,357000,298514.38
2334,470000,429952.25
2335,449000,376632.84
2336,571000,501650.8
2337,465000,377305.72
2338,335900,337007.22
2339,205000,174491.2
2340,270000,317478.84
2341,295000,263533.8
2342,387000,361041.78
2343,441000,419958.8
2344,230000,205725.47
2345,300000,338021.28
2346,165050,191016.72
2347,345000,308463.72
2348,429000,406325.88
2349,450000,465155.97
2350,299500,328612.06
2351,592100,586884.0
2352,1580000,2241007.8
2353,690000,706635.44
2354,410000,465845.34
2355,1040000,1093270.5
2356,431000,485589.25
2357,1580000,1943655.5
2358,405000,379893.1
2359,565000,419778.97
2360,935000,1035944.8
2361,493000,621716.5
2362,919950,809705.25
2363,483000,515058.8
2364,415000,404034.62
2365,439950,484802.72
2366,395000,377950.16
2367,520000,481406.72
2368,450000,503370.25
2369,1050000,1256978.8
2370,490000,531192.25
2371,478000,509198.66
2372,601000,572959.06
2373,436000,502076.06
2374,639000,627190.25
2375,394000,403529.22
2376,399990,431998.97
2377,795000,733682.75
2378,345000,530964.25
2379,289000,294664.47
2380,398000,388003.66
2381,700000,490026.66
2382,653000,671916.25
2383,542000,438347.97
2384,1060000,1212047.0
2385,220000,364969.1
2386,926300,705197.1
2387,384200,425034.34
2388,252500,341383.8
2389,250000,249233.17
2390,660000,667856.9
2391,688000,580351.0
2392,710000,768520.5
2393,1510000,1822719.9
2394,549000,536966.3
2395,466000,379854.97
2396,330000,144836.34
2397,665000,556898.0
2398,975000,870556.1
2399,530000,523541.6
2400,152500,185481.98
2401,540000,606196.0
2402,258000,232423.25
2403,592500,726665.75
2404,779000,938079.9
2405,324900,264164.75
2406,320000,336169.47
2407,541000,484798.97
2408,340000,325967.3
2409,319000,264357.38
2410,589410,605802.75
2411,591000,557826.5
2412,295000,294107.25
2413,92000,192562.61
2414,810000,819891.3
2415,257500,324246.66
2416,269900,260216.88
2417,561000,600454.25
2418,815000,561781.6
2419,450000,424128.6
2420,868500,889617.8
2421,680000,608371.2
2422,695000,680224.94
2423,560000,384770.38
2424,260000,323742.9
2425,307000,323502.5
2426,710000,738345.4
2427,309000,308817.2
2428,679000,536459.4
2429,295000,670323.6
2430,258000,290567.1
2431,385000,467261.47
2432,631000,607530.2
2433,335000,295173.66
2434,325000,309850.06
2435,265000,256097.56
2436,450000,484759.03
2437,470000,511497.78
2438,418000,456070.28
2439,1770000,1263945.0
2440,440000,410477.0
2441,437500,440645.66
2442,228950,159331.66
2443,560000,416652.66
2444,939000,900182.06
2445,194000,195073.19
2446,587000,577099.25
2447,556000,511903.03
2448,485000,433265.38
2449,415000,449078.47
2450,885000,586221.4
2451,383000,293169.5
2452,320000,313598.1
2453,870000,900962.0
2454,519900,659875.2
2455,465750,473619.47
2456,622000,572739.0
2457,479000,433791.06
2458,289000,238889.78
2459,380000,353260.9
2460,670950,586000.25
2461,315000,241191.66
2462,1230000,1320736.9
2463,495000,550191.3
2464,300000,304944.66
2465,427500,510606.44
2466,345000,374567.53
2467,1750000,2043603.8
2468,230000,185838.56
2469,660000,674263.9
2470,248000,199283.72
2471,425000,374843.16
2472,499000,528068.06
2473,275000,315411.1
2474,687500,643376.5
2475,655500,725010.8
2476,190000,156697.44
2477,360000,353759.22
2478,604000,409202.53
2479,1070000,1081572.4
2480,339000,316081.53
2481,392000,328573.16
2482,380000,378511.4
2483,650000,514042.34
2484,345000,255396.72
2485,306500,239437.05
2486,635000,562118.9
2487,667000,554289.06
2488,415000,389102.5
2489,490000,477934.97
2490,251000,202057.38
2491,397000,421811.22
2492,490000,697816.0
2493,381000,343714.28
2494,525000,423529.8
2495,1160000,1261261.2
2496,470000,446336.4
2497,499950,564023.0
2498,500000,606589.75
2499,610000,433761.34
2500,198900,292607.84
2501,385000,347259.22
2502,533380,494440.7
2503,275000,295064.66
2504,370000,322993.75
2505,625000,442720.44
2506,612000,629900.5
2507,456500,500215.06
2508,650000,637227.1
2509,900000,856799.2
2510,635700,800378.2
2511,445800,454438.34
2512,279950,357292.53
2513,749500,665092.5
2514,545000,655358.9
2515,275000,298904.25
2516,287000,263423.2
2517,423800,480638.62
2518,518500,491985.03
2519,485000,406521.47
2520,630000,751496.5
2521,329000,352952.28
2522,383000,345645.16
2523,231500,195539.97
2524,480000,458774.3
2525,167000,190249.92
2526,520000,579400.06
2527,650000,715266.9
2528,600000,424387.03
2529,320000,353611.9
2530,300000,285530.4
2531,1740000,1720665.2
2532,386500,609874.5
2533,90000,253876.05
2534,580000,590115.75
2535,1110000,990863.56
2536,329000,347580.34
2537,500000,417401.53
2538,605125,408348.1
2539,585000,647355.75
2540,603500,688366.5
2541,319990,251173.1
2542,300000,328951.62
2543,619000,626233.6
2544,492500,547897.25
2545,410000,275079.22
2546,397500,442188.34
2547,390000,391290.9
2548,1140000,767649.56
2549,795000,792209.0
2550,255000,230872.83
2551,1150000,979389.1
2552,245560,314957.25
2553,1090000,1003218.44
2554,425000,370086.7
2555,252000,241191.62
2556,350000,367440.44
2557,415000,553563.44
2558,913000,978053.2
2559,589000,578435.6
2560,925000,980171.4
2561,375000,444638.53
2562,235000,222171.38
2563,575000,573998.5
2564,441500,496176.3
2565,475000,573814.94
2566,610000,501659.28
2567,645000,653988.6
2568,535000,613081.56
2569,505000,437859.38
2570,123300,194973.64
2571,718000,605182.3
2572,272000,333960.34
2573,921500,783417.2
2574,630000,621446.1
2575,510000,374195.28
2576,249900,249388.28
2577,850000,748523.6
2578,252000,272183.22
2579,590000,605753.1
2580,447000,382507.6
2581,95000,166794.9
2582,659500,734543.4
2583,775000,790463.75
2584,399950,474327.94
2585,1200000,1021014.56
2586,1880000,1759091.6
2587,520000,487371.38
2588,335000,309329.25
2589,490000,396414.22
2590,337000,301068.34
2591,540000,567010.44
2592,635000,649157.44
2593,835000,863003.5
2594,455000,561609.25
2595,375000,449747.03
2596,295500,411530.6
2597,865000,940393.7
2598,325000,336091.34
2599,350000,247370.72
2600,1390000,1385434.5
2601,480000,555222.56
2602,410000,551281.4
2603,327000,332472.53
2604,511000,415499.6
2605,635000,553593.0
2606,549950,367849.62
2607,490000,629372.25
2608,297000,333242.47
2609,450000,446449.28
2610,427500,377922.72
2611,510000,496582.62
2612,623000,660843.9
2613,539950,521721.03
2614,252000,206836.06
2615,424000,360955.62
2616,950000,1369050.2
2617,298800,256803.88
2618,743000,653543.75
2619,556000,550210.4
2620,425000,530089.3
2621,315000,330769.1
2622,343000,335863.28
2623,541000,568003.25
2624,352450,425066.78
2625,550000,797801.25
2626,118000,204425.92
2627,526500,474122.97
2628,248500,268873.84
2629,550000,547489.9
2630,329900,505796.84
2631,345000,288119.28
2632,332000,305678.5
2633,667000,733198.1
2634,692500,708648.25
2635,550000,648913.0
2636,480000,639787.94
2637,219900,229401.53
2638,445000,439734.03
2639,278000,213636.25
2640,270000,229661.52
2641,856500,872468.4
2642,350000,339085.16
2643,339000,313701.34
2644,274950,206311.19
2645,500000,540665.8
2646,270000,342827.8
2647,1090000,1013663.0
2648,185000,177095.81
2649,295000,314577.25
2650,579000,524379.2
2651,910000,1040895.75
2652,1150000,1251104.4
2653,212500,172612.56
2654,315000,359293.4
2655,400000,249927.25
2656,481000,476739.75
2657,1520000,1819850.8
2658,378000,447566.1
2659,1340000,968151.9
2660,565000,565258.1
2661,463000,398786.84
2662,516000,463394.4
2663,254000,233734.9
2664,225000,180858.03
2665,425000,440234.62
2666,650000,621951.25
2667,215000,226279.28
2668,685000,636702.25
2669,382000,288167.66
2670,443000,425857.34
2671,560000,359441.2
2672,575000,471356.1
2673,555000,511823.66
2674,510000,510527.25
2675,389990,361763.66
2676,884744,958620.06
2677,300000,349612.28
2678,727500,841447.4
2679,403250,366457.2
2680,200000,204251.48
2681,430000,427272.3
2682,280000,318579.72
2683,339950,460112.9
2684,545000,586203.25
2685,352000,308818.0
2686,373000,490023.84
2687,740000,616088.5
2688,270000,287009.1
2689,989900,1022367.25
2690,410000,380294.3
2691,730000,587543.5
2692,315000,427402.47
2693,279900,184844.5
2694,759990,598166.06
2695,751000,830026.25
2696,455000,477250.78
2697,535000,481248.38
2698,356500,321121.84
2699,199129,181591.97
2700,370000,405225.84
2701,466500,475815.1
2702,1270000,1064656.4
2703,269500,256394.03
2704,489000,483930.6
2705,247200,211532.78
2706,330000,318003.94
2707,3800000,2785282.2
2708,215000,208075.47
2709,350000,364093.78
2710,393000,480566.22
2711,800000,686748.4
2712,404500,494203.62
2713,595000,683459.4
2714,214950,222792.19
2715,820000,1260729.1
2716,400000,400034.62
2717,685000,700614.6
2718,715000,654848.0
2719,402000,430179.8
2720,169000,152273.12
2721,270000,435526.22
2722,379000,391016.1
2723,1130000,933050.3
2724,7060000,5450181.5
2725,515000,478545.9
2726,1030000,790952.0
2727,277000,285126.22
2728,685000,520891.03
2729,469950,511760.28
2730,249900,204604.62
2731,265000,234788.66
2732,483000,698418.4
2733,239000,221683.16
2734,585000,577693.44
2735,215000,189726.28
2736,850000,707329.94
2737,615000,548212.75
2738,525000,439624.44
2739,397000,254635.62
2740,390000,398377.2
2741,199950,252120.64
2742,275000,293185.34
2743,668000,633423.9
2744,980000,1019567.4
2745,618000,505944.78
2746,300000,476633.97
2747,218000,232961.88
2748,345000,310468.9
2749,315000,357483.53
2750,1900000,2176168.5
2751,415000,361865.47
2752,229950,220731.0
2753,925000,826311.4
2754,443000,533820.56
2755,250000,267996.56
2756,370000,357953.9
2757,427000,418963.5
2758,888990,881142.9
2759,215000,265951.6
2760,539000,662022.25
2761,1300000,1330128.1
2762,1110000,915405.5
2763,695000,689902.5
2764,274000,273700.47
2765,387000,420847.47
2766,341000,415868.3
2767,925000,731879.0
2768,270000,262877.6
2769,525000,513484.12
2770,869950,812091.44
2771,732000,851054.9
2772,385000,464012.06
2773,438000,409604.44
2774,533500,513530.12
2775,290000,274474.03
2776,425000,525565.7
2777,470101,473643.03
2778,542126,524118.3
2779,570000,588114.4
2780,822500,786796.4
2781,572500,679134.4
2782,435000,320785.22
2783,600000,595046.75
2784,348500,400396.78
2785,435000,415619.16
2786,390000,441093.2
2787,280000,240257.88
2788,230000,246799.88
2789,255000,313526.34
2790,569000,593884.3
2791,179000,175340.69
2792,449500,436339.44
2793,710000,572020.5
2794,452000,438742.53
2795,1080000,1039545.4
2796,300000,300950.3
2797,128750,122039.164
2798,435000,516523.62
2799,345000,368153.1
2800,672500,695071.3
2801,575000,605602.0
2802,600000,621011.4
2803,440000,610706.25
2804,468000,421224.47
2805,235000,270259.72
2806,612000,799811.25
2807,290000,353924.53
2808,280000,234584.16
2809,430000,455458.4
2810,770000,881602.06
2811,199950,220007.48
2812,325000,345376.4
2813,379950,309328.25
2814,436300,539739.5
2815,564950,613545.1
2816,1300000,1954603.8
2817,840000,845059.75
2818,430000,530015.7
2819,499950,499185.7
2820,280000,295431.62
2821,357000,806689.4
2822,1690000,1554548.5
2823,285000,322102.1
2824,689000,779030.6
2825,486000,542761.5
2826,432000,466484.12
2827,810000,787928.6
2828,320000,393723.84
2829,733500,735864.75
2830,1150000,980265.94
2831,1250000,1331561.8
2832,748000,999822.56
2833,494000,515491.3
2834,371000,407058.94
2835,450000,447485.6
2836,675000,649261.6
2837,525000,616938.1
2838,252500,361607.84
2839,300000,458418.12
2840,379950,327750.88
2841,390000,422264.38
2842,843500,858366.25
2843,750000,756542.9
2844,170000,261064.5
2845,340000,384923.06
2846,220000,321563.72
2847,249900,318106.84
2848,315000,352761.4
2849,730000,835666.9
2850,329950,335856.47
2851,528000,464799.0
2852,711000,706940.6
2853,435000,407060.1
2854,555000,564148.25
2855,600000,671818.9
2856,405000,394154.94
2857,840000,715555.0
2858,270000,300464.78
2859,885000,844333.4
2860,380000,416973.97
2861,3100000,2795138.8
2862,435000,424147.03
2863,661000,523281.06
2864,425000,466369.4
2865,453000,585458.94
2866,236000,272303.16
2867,525000,657793.8
2868,410500,497312.84
2869,405000,372809.1
2870,321950,293902.56
2871,375000,335578.28
2872,799000,682716.9
2873,540000,514745.72
2874,610000,666596.0
2875,476100,401172.28
2876,420000,516640.3
2877,2500000,1978754.5
2878,661000,533015.25
2879,379950,393610.6
2880,189900,252092.08
2881,699000,888091.1
2882,305000,354692.72
2883,269000,259354.17
2884,325000,350691.22
2885,819995,724929.75
2886,538000,647774.75
2887,305000,313442.16
2888,620000,798985.0
2889,634000,608803.75
2890,150000,241072.0
2891,860000,1051352.8
2892,470000,484061.1
2893,875000,685635.1
2894,750000,590706.94
2895,543500,557849.0
2896,160000,194173.92
2897,455000,580366.25
2898,999000,1115600.6
2899,350000,305998.0
2900,295000,279281.12
2901,625000,665926.06
2902,565000,618952.75
2903,146000,190955.38
2904,220000,253640.47
2905,460000,441525.9
2906,232500,146114.05
2907,450000,530686.0
2908,383962,453790.84
2909,340000,490225.72
2910,359950,401447.16
2911,320000,400058.97
2912,338000,401570.9
2913,700000,572746.25
2914,1330000,1232879.2
2915,400000,447574.56
2916,765000,840611.6
2917,238000,362328.84
2918,425000,368932.94
2919,350000,366086.53
2920,653450,622908.25
2921,1110000,974944.8
2922,440000,537312.7
2923,482500,725164.75
